class,age,expID,sessionID,filename,valid
airplane,10,cdmrunv3,1528749906104.png,airplane_sketch_age10_cdm_run_v31528749906104.png,1
airplane,10,cdmrunv3,1528750199149.png,airplane_sketch_age10_cdm_run_v31528750199149.png,1
airplane,10,cdmrunv3,1529008817526.png,airplane_sketch_age10_cdm_run_v31529008817526.png,1
airplane,10,cdmrunv3,1529009014785.png,airplane_sketch_age10_cdm_run_v31529009014785.png,1
airplane,2,cdmrunv3,1531602697091.png,airplane_sketch_age2_cdm_run_v31531602697091.png,1
airplane,2,cdmrunv3,1531604038450.png,airplane_sketch_age2_cdm_run_v31531604038450.png,1
airplane,2,cdmrunv3,1531604412388.png,airplane_sketch_age2_cdm_run_v31531604412388.png,1
airplane,3,cdmrunv3,1530475738016.png,airplane_sketch_age3_cdm_run_v31530475738016.png,1
airplane,3,cdmrunv3,1530482623512.png,airplane_sketch_age3_cdm_run_v31530482623512.png,1
airplane,3,cdmrunv3,1530483097040.png,airplane_sketch_age3_cdm_run_v31530483097040.png,1
airplane,3,cdmrunv3,1530820644765.png,airplane_sketch_age3_cdm_run_v31530820644765.png,1
airplane,3,cdmrunv3,1531337830904.png,airplane_sketch_age3_cdm_run_v31531337830904.png,1
airplane,3,cdmrunv3,1531338718908.png,airplane_sketch_age3_cdm_run_v31531338718908.png,1
airplane,3,cdmrunv3,1531351017862.png,airplane_sketch_age3_cdm_run_v31531351017862.png,1
airplane,3,cdmrunv3,1531353094485.png,airplane_sketch_age3_cdm_run_v31531353094485.png,1
airplane,3,cdmrunv3,1531423486313.png,airplane_sketch_age3_cdm_run_v31531423486313.png,1
airplane,3,cdmrunv3,1531425616557.png,airplane_sketch_age3_cdm_run_v31531425616557.png,1
airplane,3,cdmrunv3,1531427310944.png,airplane_sketch_age3_cdm_run_v31531427310944.png,1
airplane,3,cdmrunv3,1531427886979.png,airplane_sketch_age3_cdm_run_v31531427886979.png,1
airplane,5,cdmrunv3,1531432311575.png,airplane_sketch_age5_cdm_run_v31531432311575.png,1
airplane,5,cdmrunv3,1531510996461.png,airplane_sketch_age5_cdm_run_v31531510996461.png,1
airplane,5,cdmrunv3,1531521447859.png,airplane_sketch_age5_cdm_run_v31531521447859.png,1
airplane,5,cdmrunv3,1531607084953.png,airplane_sketch_age5_cdm_run_v31531607084953.png,1
airplane,5,cdmrunv3,1531608572760.png,airplane_sketch_age5_cdm_run_v31531608572760.png,1
airplane,5,cdmrunv3,1531612336103.png,airplane_sketch_age5_cdm_run_v31531612336103.png,1
airplane,5,cdmrunv3,1531769881846.png,airplane_sketch_age5_cdm_run_v31531769881846.png,1
airplane,5,cdmrunv3,1532122045716.png,airplane_sketch_age5_cdm_run_v31532122045716.png,1
airplane,6,cdmrunv3,1528136999209.png,airplane_sketch_age6_cdm_run_v31528136999209.png,1
airplane,6,cdmrunv3,1528229399210.png,airplane_sketch_age6_cdm_run_v31528229399210.png,1
airplane,6,cdmrunv3,1528320073908.png,airplane_sketch_age6_cdm_run_v31528320073908.png,1
airplane,8,cdmrunv3,1531686508439.png,airplane_sketch_age8_cdm_run_v31531686508439.png,1
bear,3,cdmrunv4,1540071870507.png,bear_sketch_age3_cdm_run_v41540071870507.png,1
bear,3,cdmrunv4,1540075054882.png,bear_sketch_age3_cdm_run_v41540075054882.png,1
bear,3,cdmrunv4,1540077574466.png,bear_sketch_age3_cdm_run_v41540077574466.png,1
bear,3,cdmrunv4,1540156085249.png,bear_sketch_age3_cdm_run_v41540156085249.png,1
bear,4,cdmrunv4,1537562088878.png,bear_sketch_age4_cdm_run_v41537562088878.png,1
bear,4,cdmrunv4,1537566219317.png,bear_sketch_age4_cdm_run_v41537566219317.png,1
bear,4,cdmrunv4,1537648285719.png,bear_sketch_age4_cdm_run_v41537648285719.png,1
bear,4,cdmrunv4,1537651409997.png,bear_sketch_age4_cdm_run_v41537651409997.png,1
bear,4,cdmrunv4,1537656198436.png,bear_sketch_age4_cdm_run_v41537656198436.png,1
bear,4,cdmrunv4,1538847806009.png,bear_sketch_age4_cdm_run_v41538847806009.png,1
bear,4,cdmrunv4,1538852792832.png,bear_sketch_age4_cdm_run_v41538852792832.png,1
bear,4,cdmrunv4,1539971036537.png,bear_sketch_age4_cdm_run_v41539971036537.png,1
bear,6,cdmrunv4,1539981077129.png,bear_sketch_age6_cdm_run_v41539981077129.png,1
bear,6,cdmrunv4,1539987007263.png,bear_sketch_age6_cdm_run_v41539987007263.png,1
bear,6,cdmrunv4,1540070771431.png,bear_sketch_age6_cdm_run_v41540070771431.png,1
bear,6,cdmrunv4,1541195738146.png,bear_sketch_age6_cdm_run_v41541195738146.png,1
bear,6,cdmrunv4,1541266184035.png,bear_sketch_age6_cdm_run_v41541266184035.png,1
bear,6,cdmrunv4,1541277360074.png,bear_sketch_age6_cdm_run_v41541277360074.png,1
bear,6,cdmrunv4,1541278091520.png,bear_sketch_age6_cdm_run_v41541278091520.png,1
bear,6,cdmrunv4,1541280811876.png,bear_sketch_age6_cdm_run_v41541280811876.png,1
bear,6,cdmrunv4,1541282871578.png,bear_sketch_age6_cdm_run_v41541282871578.png,1
bike,2,cdmrunv3,1530385056869.png,bike_sketch_age2_cdm_run_v31530385056869.png,1
bike,2,cdmrunv3,1530473790141.png,bike_sketch_age2_cdm_run_v31530473790141.png,1
bike,2,cdmrunv3,1530480824568.png,bike_sketch_age2_cdm_run_v31530480824568.png,1
bike,3,cdmrunv3,1528148156599.png,bike_sketch_age3_cdm_run_v31528148156599.png,1
bike,3,cdmrunv3,1528225564149.png,bike_sketch_age3_cdm_run_v31528225564149.png,1
bike,3,cdmrunv3,1528227893962.png,bike_sketch_age3_cdm_run_v31528227893962.png,1
bike,3,cdmrunv3,1530728861215.png,bike_sketch_age3_cdm_run_v31530728861215.png,1
bike,4,cdmrunv3,1530730132348.png,bike_sketch_age4_cdm_run_v31530730132348.png,1
bike,4,cdmrunv3,1530730808241.png,bike_sketch_age4_cdm_run_v31530730808241.png,1
bike,4,cdmrunv3,1532196800622.png,bike_sketch_age4_cdm_run_v31532196800622.png,1
bike,5,cdmrunv3,1527979692326.png,bike_sketch_age5_cdm_run_v31527979692326.png,1
bike,5,cdmrunv3,1527979799077.png,bike_sketch_age5_cdm_run_v31527979799077.png,1
bike,5,cdmrunv3,1527980999104.png,bike_sketch_age5_cdm_run_v31527980999104.png,1
bike,5,cdmrunv3,1527981599050.png,bike_sketch_age5_cdm_run_v31527981599050.png,1
bike,5,cdmrunv3,1530389142347.png,bike_sketch_age5_cdm_run_v31530389142347.png,1
bike,5,cdmrunv3,1530478097123.png,bike_sketch_age5_cdm_run_v31530478097123.png,1
bike,5,cdmrunv3,1530485447745.png,bike_sketch_age5_cdm_run_v31530485447745.png,1
bike,5,cdmrunv3,1530486011120.png,bike_sketch_age5_cdm_run_v31530486011120.png,1
bike,5,cdmrunv3,1530644391081.png,bike_sketch_age5_cdm_run_v31530644391081.png,1
bike,6,cdmrunv3,1531853489687.png,bike_sketch_age6_cdm_run_v31531853489687.png,1
bike,6,cdmrunv3,1532043949200.png,bike_sketch_age6_cdm_run_v31532043949200.png,1
bike,6,cdmrunv3,1532112624073.png,bike_sketch_age6_cdm_run_v31532112624073.png,1
bike,7,cdmrunv3,1531952793335.png,bike_sketch_age7_cdm_run_v31531952793335.png,1
bike,7,cdmrunv3,1531954185970.png,bike_sketch_age7_cdm_run_v31531954185970.png,1
bike,7,cdmrunv3,1532034912264.png,bike_sketch_age7_cdm_run_v31532034912264.png,1
bike,7,cdmrunv3,1532115662128.png,bike_sketch_age7_cdm_run_v31532115662128.png,1
bird,10,cdmrunv3,1532120837108.png,bird_sketch_age10_cdm_run_v31532120837108.png,1
bird,2,cdmrunv3,1531682143759.png,bird_sketch_age2_cdm_run_v31531682143759.png,1
bird,2,cdmrunv3,1531777386499.png,bird_sketch_age2_cdm_run_v31531777386499.png,1
bird,2,cdmrunv3,1532125244036.png,bird_sketch_age2_cdm_run_v31532125244036.png,1
bird,3,cdmrunv3,1527963107380.png,bird_sketch_age3_cdm_run_v31527963107380.png,1
bird,3,cdmrunv3,1527971399240.png,bird_sketch_age3_cdm_run_v31527971399240.png,1
bird,3,cdmrunv3,1527978734885.png,bird_sketch_age3_cdm_run_v31527978734885.png,1
bird,3,cdmrunv3,1527979199137.png,bird_sketch_age3_cdm_run_v31527979199137.png,1
bird,3,cdmrunv3,1528053791790.png,bird_sketch_age3_cdm_run_v31528053791790.png,1
bird,3,cdmrunv3,1528060444990.png,bird_sketch_age3_cdm_run_v31528060444990.png,1
bird,4,cdmrunv3,1531941504435.png,bird_sketch_age4_cdm_run_v31531941504435.png,1
bird,4,cdmrunv3,1532042260290.png,bird_sketch_age4_cdm_run_v31532042260290.png,1
bird,4,cdmrunv3,1532111078231.png,bird_sketch_age4_cdm_run_v31532111078231.png,1
bird,4,cdmrunv3,1532117279024.png,bird_sketch_age4_cdm_run_v31532117279024.png,1
bird,4,cdmrunv3,1532119480468.png,bird_sketch_age4_cdm_run_v31532119480468.png,1
bird,4,cdmrunv3,1532122767230.png,bird_sketch_age4_cdm_run_v31532122767230.png,1
bird,4,cdmrunv3,1532196800622.png,bird_sketch_age4_cdm_run_v31532196800622.png,1
bird,5,cdmrunv3,1527979799077.png,bird_sketch_age5_cdm_run_v31527979799077.png,1
bird,5,cdmrunv3,1527980999104.png,bird_sketch_age5_cdm_run_v31527980999104.png,1
bird,5,cdmrunv3,1528832999278.png,bird_sketch_age5_cdm_run_v31528832999278.png,1
bird,5,cdmrunv3,1529447399138.png,bird_sketch_age5_cdm_run_v31529447399138.png,1
bird,5,cdmrunv3,1529527799264.png,bird_sketch_age5_cdm_run_v31529527799264.png,1
bird,6,cdmrunv3,1531776375845.png,bird_sketch_age6_cdm_run_v31531776375845.png,1
bird,6,cdmrunv3,1531848222253.png,bird_sketch_age6_cdm_run_v31531848222253.png,1
bird,6,cdmrunv3,1531853489687.png,bird_sketch_age6_cdm_run_v31531853489687.png,1
bird,7,cdmrunv3,1529522399308.png,bird_sketch_age7_cdm_run_v31529522399308.png,1
bird,7,cdmrunv3,1529703938903.png,bird_sketch_age7_cdm_run_v31529703938903.png,1
boat,10,cdmrunv3,1532551715260.png,boat_sketch_age10_cdm_run_v31532551715260.png,1
boat,10,cdmrunv3,1532558647575.png,boat_sketch_age10_cdm_run_v31532558647575.png,1
boat,10,cdmrunv3,1532559393734.png,boat_sketch_age10_cdm_run_v31532559393734.png,1
boat,10,cdmrunv3,1532560208636.png,boat_sketch_age10_cdm_run_v31532560208636.png,1
boat,10,cdmrunv3,1532635294487.png,boat_sketch_age10_cdm_run_v31532635294487.png,1
boat,10,cdmrunv3,1532638082222.png,boat_sketch_age10_cdm_run_v31532638082222.png,1
boat,10,cdmrunv3,1532638309368.png,boat_sketch_age10_cdm_run_v31532638309368.png,1
boat,10,cdmrunv3,1532644174021.png,boat_sketch_age10_cdm_run_v31532644174021.png,1
boat,10,cdmrunv3,1532804263628.png,boat_sketch_age10_cdm_run_v31532804263628.png,1
boat,10,cdmrunv3,1532807946580.png,boat_sketch_age10_cdm_run_v31532807946580.png,1
boat,10,cdmrunv3,1533252262986.png,boat_sketch_age10_cdm_run_v31533252262986.png,1
boat,2,cdmrunv3,1534104467272.png,boat_sketch_age2_cdm_run_v31534104467272.png,1
boat,2,cdmrunv3,1534111706202.png,boat_sketch_age2_cdm_run_v31534111706202.png,1
boat,2,cdmrunv3,1534116919979.png,boat_sketch_age2_cdm_run_v31534116919979.png,1
boat,2,cdmrunv3,1534196533014.png,boat_sketch_age2_cdm_run_v31534196533014.png,1
boat,2,cdmrunv3,1534373551923.png,boat_sketch_age2_cdm_run_v31534373551923.png,1
boat,2,cdmrunv3,1534451765550.png,boat_sketch_age2_cdm_run_v31534451765550.png,1
boat,2,cdmrunv3,1534539393276.png,boat_sketch_age2_cdm_run_v31534539393276.png,1
boat,2,cdmrunv3,1534616873341.png,boat_sketch_age2_cdm_run_v31534616873341.png,1
boat,2,cdmrunv3,1534617102179.png,boat_sketch_age2_cdm_run_v31534617102179.png,1
boat,2,cdmrunv3,1534886416878.png,boat_sketch_age2_cdm_run_v31534886416878.png,1
boat,3,cdmrunv3,1535917108620.png,boat_sketch_age3_cdm_run_v31535917108620.png,1
boat,3,cdmrunv3,1535918346351.png,boat_sketch_age3_cdm_run_v31535918346351.png,1
boat,3,cdmrunv3,1535929897086.png,boat_sketch_age3_cdm_run_v31535929897086.png,1
boat,4,cdmrunv3,1526065527149.png,boat_sketch_age4_cdm_run_v31526065527149.png,1
boat,4,cdmrunv3,1526162026170.png,boat_sketch_age4_cdm_run_v31526162026170.png,1
boat,4,cdmrunv3,1526167651102.png,boat_sketch_age4_cdm_run_v31526167651102.png,1
boat,4,cdmrunv3,1526239192649.png,boat_sketch_age4_cdm_run_v31526239192649.png,1
boat,4,cdmrunv3,1526250064091.png,boat_sketch_age4_cdm_run_v31526250064091.png,1
boat,4,cdmrunv3,1526417227846.png,boat_sketch_age4_cdm_run_v31526417227846.png,1
boat,4,cdmrunv3,1526497714288.png,boat_sketch_age4_cdm_run_v31526497714288.png,1
boat,4,cdmrunv3,1526592878172.png,boat_sketch_age4_cdm_run_v31526592878172.png,1
boat,4,cdmrunv3,1526673903441.png,boat_sketch_age4_cdm_run_v31526673903441.png,1
boat,5,cdmrunv3,1532893428063.png,boat_sketch_age5_cdm_run_v31532893428063.png,1
boat,5,cdmrunv3,1532979795589.png,boat_sketch_age5_cdm_run_v31532979795589.png,1
boat,5,cdmrunv3,1532982445797.png,boat_sketch_age5_cdm_run_v31532982445797.png,1
boat,5,cdmrunv3,1534445290775.png,boat_sketch_age5_cdm_run_v31534445290775.png,1
boat,6,cdmrunv3,1534356652798.png,boat_sketch_age6_cdm_run_v31534356652798.png,1
boat,6,cdmrunv3,1534361666531.png,boat_sketch_age6_cdm_run_v31534361666531.png,1
boat,6,cdmrunv3,1534362900563.png,boat_sketch_age6_cdm_run_v31534362900563.png,1
boat,6,cdmrunv3,1534365370913.png,boat_sketch_age6_cdm_run_v31534365370913.png,1
boat,6,cdmrunv3,1536005036725.png,boat_sketch_age6_cdm_run_v31536005036725.png,1
boat,7,cdmrunv3,1532978289131.png,boat_sketch_age7_cdm_run_v31532978289131.png,1
boat,7,cdmrunv3,1533426055063.png,boat_sketch_age7_cdm_run_v31533426055063.png,1
boat,7,cdmrunv3,1534272694998.png,boat_sketch_age7_cdm_run_v31534272694998.png,1
boat,7,cdmrunv3,1534362509433.png,boat_sketch_age7_cdm_run_v31534362509433.png,1
boat,7,cdmrunv3,1534532877198.png,boat_sketch_age7_cdm_run_v31534532877198.png,1
boat,7,cdmrunv3,1534615579681.png,boat_sketch_age7_cdm_run_v31534615579681.png,1
boat,7,cdmrunv3,1534627755874.png,boat_sketch_age7_cdm_run_v31534627755874.png,1
boat,9,cdmrunv3,1532804150867.png,boat_sketch_age9_cdm_run_v31532804150867.png,1
bowl,10,cdmrunv3,1527970199200.png,bowl_sketch_age10_cdm_run_v31527970199200.png,1
bowl,10,cdmrunv3,1529432399324.png,bowl_sketch_age10_cdm_run_v31529432399324.png,1
bowl,10,cdmrunv3,1529617799237.png,bowl_sketch_age10_cdm_run_v31529617799237.png,1
bowl,10,cdmrunv3,1530383974873.png,bowl_sketch_age10_cdm_run_v31530383974873.png,1
bowl,3,cdmrunv3,1530728287403.png,bowl_sketch_age3_cdm_run_v31530728287403.png,1
bowl,3,cdmrunv3,1531775181251.png,bowl_sketch_age3_cdm_run_v31531775181251.png,1
bowl,3,cdmrunv3,1531856499391.png,bowl_sketch_age3_cdm_run_v31531856499391.png,1
bowl,3,cdmrunv3,1531861551790.png,bowl_sketch_age3_cdm_run_v31531861551790.png,1
bowl,5,cdmrunv3,1531607084953.png,bowl_sketch_age5_cdm_run_v31531607084953.png,1
bowl,5,cdmrunv3,1531608572760.png,bowl_sketch_age5_cdm_run_v31531608572760.png,1
bowl,5,cdmrunv3,1531769881846.png,bowl_sketch_age5_cdm_run_v31531769881846.png,1
bowl,5,cdmrunv3,1531773335311.png,bowl_sketch_age5_cdm_run_v31531773335311.png,1
bowl,5,cdmrunv3,1531774669708.png,bowl_sketch_age5_cdm_run_v31531774669708.png,1
bowl,5,cdmrunv3,1531868257542.png,bowl_sketch_age5_cdm_run_v31531868257542.png,1
bowl,5,cdmrunv3,1531868519222.png,bowl_sketch_age5_cdm_run_v31531868519222.png,1
bowl,5,cdmrunv3,1531943456950.png,bowl_sketch_age5_cdm_run_v31531943456950.png,1
bowl,6,cdmrunv3,1528828941425.png,bowl_sketch_age6_cdm_run_v31528828941425.png,1
bowl,6,cdmrunv3,1528845435187.png,bowl_sketch_age6_cdm_run_v31528845435187.png,1
bowl,6,cdmrunv3,1528913040688.png,bowl_sketch_age6_cdm_run_v31528913040688.png,1
bowl,6,cdmrunv3,1529007034638.png,bowl_sketch_age6_cdm_run_v31529007034638.png,1
bowl,8,cdmrunv3,1528583580541.png,bowl_sketch_age8_cdm_run_v31528583580541.png,1
bowl,8,cdmrunv3,1528658399219.png,bowl_sketch_age8_cdm_run_v31528658399219.png,1
bowl,8,cdmrunv3,1528673399057.png,bowl_sketch_age8_cdm_run_v31528673399057.png,1
bowl,8,cdmrunv3,1528743599209.png,bowl_sketch_age8_cdm_run_v31528743599209.png,1
bowl,9,cdmrunv3,1530742550561.png,bowl_sketch_age9_cdm_run_v31530742550561.png,1
bowl,9,cdmrunv3,1530742633692.png,bowl_sketch_age9_cdm_run_v31530742633692.png,1
bowl,9,cdmrunv3,1532125005368.png,bowl_sketch_age9_cdm_run_v31532125005368.png,1
car,3,cdmrunv3,1533233033137.png,car_sketch_age3_cdm_run_v31533233033137.png,1
car,3,cdmrunv3,1533234169662.png,car_sketch_age3_cdm_run_v31533234169662.png,1
car,3,cdmrunv3,1533236779925.png,car_sketch_age3_cdm_run_v31533236779925.png,1
car,3,cdmrunv3,1533246512058.png,car_sketch_age3_cdm_run_v31533246512058.png,1
car,3,cdmrunv3,1533589784346.png,car_sketch_age3_cdm_run_v31533589784346.png,1
car,4,cdmrunv3,1534116098865.png,car_sketch_age4_cdm_run_v31534116098865.png,1
car,4,cdmrunv3,1534198612126.png,car_sketch_age4_cdm_run_v31534198612126.png,1
car,4,cdmrunv3,1534279499637.png,car_sketch_age4_cdm_run_v31534279499637.png,1
car,4,cdmrunv3,1534721392552.png,car_sketch_age4_cdm_run_v31534721392552.png,1
car,4,cdmrunv3,1534722070761.png,car_sketch_age4_cdm_run_v31534722070761.png,1
car,4,cdmrunv3,1534791081013.png,car_sketch_age4_cdm_run_v31534791081013.png,1
car,4,cdmrunv3,1534801537754.png,car_sketch_age4_cdm_run_v31534801537754.png,1
car,4,cdmrunv3,1534875113287.png,car_sketch_age4_cdm_run_v31534875113287.png,1
car,4,cdmrunv3,1535056087064.png,car_sketch_age4_cdm_run_v31535056087064.png,1
car,4,cdmrunv3,1535138252650.png,car_sketch_age4_cdm_run_v31535138252650.png,1
car,4,cdmrunv3,1535144598435.png,car_sketch_age4_cdm_run_v31535144598435.png,1
car,5,cdmrunv3,1526756687249.png,car_sketch_age5_cdm_run_v31526756687249.png,1
car,5,cdmrunv3,1534631633924.png,car_sketch_age5_cdm_run_v31534631633924.png,1
car,5,cdmrunv3,1534709581729.png,car_sketch_age5_cdm_run_v31534709581729.png,1
car,5,cdmrunv3,1534712177017.png,car_sketch_age5_cdm_run_v31534712177017.png,1
car,5,cdmrunv3,1534714393295.png,car_sketch_age5_cdm_run_v31534714393295.png,1
car,5,cdmrunv3,1534719241030.png,car_sketch_age5_cdm_run_v31534719241030.png,1
car,5,cdmrunv3,1534792108907.png,car_sketch_age5_cdm_run_v31534792108907.png,1
car,5,cdmrunv3,1534793941248.png,car_sketch_age5_cdm_run_v31534793941248.png,1
car,6,cdmrunv3,1532982235550.png,car_sketch_age6_cdm_run_v31532982235550.png,1
car,6,cdmrunv3,1532989462454.png,car_sketch_age6_cdm_run_v31532989462454.png,1
car,8,cdmrunv3,1533588906491.png,car_sketch_age8_cdm_run_v31533588906491.png,1
car,8,cdmrunv3,1534199098795.png,car_sketch_age8_cdm_run_v31534199098795.png,1
car,8,cdmrunv3,1534199471118.png,car_sketch_age8_cdm_run_v31534199471118.png,1
car,8,cdmrunv3,1534268250115.png,car_sketch_age8_cdm_run_v31534268250115.png,1
car,8,cdmrunv3,1535490345838.png,car_sketch_age8_cdm_run_v31535490345838.png,1
car,8,cdmrunv3,1535825120823.png,car_sketch_age8_cdm_run_v31535825120823.png,1
car,8,cdmrunv3,1535826575646.png,car_sketch_age8_cdm_run_v31535826575646.png,1
cat,2,cdmrunv4,1540576438112.png,cat_sketch_age2_cdm_run_v41540576438112.png,1
cat,2,cdmrunv4,1540577083754.png,cat_sketch_age2_cdm_run_v41540577083754.png,1
cat,2,cdmrunv4,1541105932320.png,cat_sketch_age2_cdm_run_v41541105932320.png,1
cat,2,cdmrunv4,1542053879253.png,cat_sketch_age2_cdm_run_v41542053879253.png,1
cat,3,cdmrunv4,1536255458365.png,cat_sketch_age3_cdm_run_v41536255458365.png,1
cat,3,cdmrunv4,1536529414716.png,cat_sketch_age3_cdm_run_v41536529414716.png,1
cat,3,cdmrunv4,1536695204877.png,cat_sketch_age3_cdm_run_v41536695204877.png,1
cat,3,cdmrunv4,1536779132199.png,cat_sketch_age3_cdm_run_v41536779132199.png,1
cat,3,cdmrunv4,1536864394840.png,cat_sketch_age3_cdm_run_v41536864394840.png,1
cat,3,cdmrunv4,1536958856674.png,cat_sketch_age3_cdm_run_v41536958856674.png,1
cat,3,cdmrunv4,1537043231312.png,cat_sketch_age3_cdm_run_v41537043231312.png,1
cat,3,cdmrunv4,1538941313110.png,cat_sketch_age3_cdm_run_v41538941313110.png,1
cat,4,cdmrunv4,1541876612699.png,cat_sketch_age4_cdm_run_v41541876612699.png,1
cat,4,cdmrunv4,1541882997726.png,cat_sketch_age4_cdm_run_v41541882997726.png,1
cat,4,cdmrunv4,1541891061699.png,cat_sketch_age4_cdm_run_v41541891061699.png,1
cat,4,cdmrunv4,1542052380290.png,cat_sketch_age4_cdm_run_v41542052380290.png,1
cat,4,cdmrunv4,1542062654769.png,cat_sketch_age4_cdm_run_v41542062654769.png,1
cat,4,cdmrunv4,1542065916564.png,cat_sketch_age4_cdm_run_v41542065916564.png,1
cat,4,cdmrunv4,1542142818937.png,cat_sketch_age4_cdm_run_v41542142818937.png,1
cat,7,cdmrunv4,1537140916863.png,cat_sketch_age7_cdm_run_v41537140916863.png,1
cat,7,cdmrunv4,1537571112129.png,cat_sketch_age7_cdm_run_v41537571112129.png,1
cat,7,cdmrunv4,1539541441637.png,cat_sketch_age7_cdm_run_v41539541441637.png,1
cat,8,cdmrunv4,1541375421781.png,cat_sketch_age8_cdm_run_v41541375421781.png,1
cat,8,cdmrunv4,1541792446475.png,cat_sketch_age8_cdm_run_v41541792446475.png,1
cat,8,cdmrunv4,1541880421004.png,cat_sketch_age8_cdm_run_v41541880421004.png,1
cat,8,cdmrunv4,1541880762793.png,cat_sketch_age8_cdm_run_v41541880762793.png,1
cat,8,cdmrunv4,1541882339758.png,cat_sketch_age8_cdm_run_v41541882339758.png,1
cat,8,cdmrunv4,1541886932512.png,cat_sketch_age8_cdm_run_v41541886932512.png,1
chair,10,cdmrunv3,1529008817526.png,chair_sketch_age10_cdm_run_v31529008817526.png,1
chair,10,cdmrunv3,1529009014785.png,chair_sketch_age10_cdm_run_v31529009014785.png,1
chair,10,cdmrunv3,1529017799129.png,chair_sketch_age10_cdm_run_v31529017799129.png,1
chair,3,cdmrunv3,1528225564149.png,chair_sketch_age3_cdm_run_v31528225564149.png,1
chair,3,cdmrunv3,1528227893962.png,chair_sketch_age3_cdm_run_v31528227893962.png,1
chair,3,cdmrunv3,1531353094485.png,chair_sketch_age3_cdm_run_v31531353094485.png,1
chair,3,cdmrunv3,1531423486313.png,chair_sketch_age3_cdm_run_v31531423486313.png,1
chair,3,cdmrunv3,1531425616557.png,chair_sketch_age3_cdm_run_v31531425616557.png,1
chair,3,cdmrunv3,1531427310944.png,chair_sketch_age3_cdm_run_v31531427310944.png,1
chair,3,cdmrunv3,1531856499391.png,chair_sketch_age3_cdm_run_v31531856499391.png,1
chair,3,cdmrunv3,1531861551790.png,chair_sketch_age3_cdm_run_v31531861551790.png,1
chair,3,cdmrunv3,1531953808318.png,chair_sketch_age3_cdm_run_v31531953808318.png,1
chair,3,cdmrunv3,1531954401835.png,chair_sketch_age3_cdm_run_v31531954401835.png,1
chair,4,cdmrunv3,1528572599284.png,chair_sketch_age4_cdm_run_v31528572599284.png,1
chair,4,cdmrunv3,1528580999095.png,chair_sketch_age4_cdm_run_v31528580999095.png,1
chair,5,cdmrunv3,1530644391081.png,chair_sketch_age5_cdm_run_v31530644391081.png,1
chair,5,cdmrunv3,1530647850978.png,chair_sketch_age5_cdm_run_v31530647850978.png,1
chair,5,cdmrunv3,1530719999633.png,chair_sketch_age5_cdm_run_v31530719999633.png,1
chair,5,cdmrunv3,1530732171052.png,chair_sketch_age5_cdm_run_v31530732171052.png,1
chair,5,cdmrunv3,1531950791739.png,chair_sketch_age5_cdm_run_v31531950791739.png,1
chair,8,cdmrunv3,1529360218856.png,chair_sketch_age8_cdm_run_v31529360218856.png,1
chair,8,cdmrunv3,1529704867697.png,chair_sketch_age8_cdm_run_v31529704867697.png,1
chair,8,cdmrunv3,1531605836468.png,chair_sketch_age8_cdm_run_v31531605836468.png,1
chair,8,cdmrunv3,1531611297816.png,chair_sketch_age8_cdm_run_v31531611297816.png,1
chair,8,cdmrunv3,1531684414594.png,chair_sketch_age8_cdm_run_v31531684414594.png,1
chair,8,cdmrunv3,1531686508439.png,chair_sketch_age8_cdm_run_v31531686508439.png,1
chair,8,cdmrunv3,1531693363638.png,chair_sketch_age8_cdm_run_v31531693363638.png,1
chair,8,cdmrunv3,1531695363694.png,chair_sketch_age8_cdm_run_v31531695363694.png,1
couch,3,cdmrunv3,1528917240117.png,couch_sketch_age3_cdm_run_v31528917240117.png,1
couch,3,cdmrunv3,1529171428201.png,couch_sketch_age3_cdm_run_v31529171428201.png,1
couch,3,cdmrunv3,1529184066015.png,couch_sketch_age3_cdm_run_v31529184066015.png,1
couch,3,cdmrunv3,1529191461444.png,couch_sketch_age3_cdm_run_v31529191461444.png,1
couch,3,cdmrunv3,1529273248371.png,couch_sketch_age3_cdm_run_v31529273248371.png,1
couch,3,cdmrunv3,1531856499391.png,couch_sketch_age3_cdm_run_v31531856499391.png,1
couch,3,cdmrunv3,1531861459411.png,couch_sketch_age3_cdm_run_v31531861459411.png,1
couch,3,cdmrunv3,1531861551790.png,couch_sketch_age3_cdm_run_v31531861551790.png,1
couch,3,cdmrunv3,1531953808318.png,couch_sketch_age3_cdm_run_v31531953808318.png,1
couch,3,cdmrunv3,1532030296293.png,couch_sketch_age3_cdm_run_v31532030296293.png,1
couch,3,cdmrunv3,1532110549222.png,couch_sketch_age3_cdm_run_v31532110549222.png,1
couch,3,cdmrunv3,1532111802262.png,couch_sketch_age3_cdm_run_v31532111802262.png,1
couch,5,cdmrunv3,1528498799235.png,couch_sketch_age5_cdm_run_v31528498799235.png,1
couch,5,cdmrunv3,1531608572760.png,couch_sketch_age5_cdm_run_v31531608572760.png,1
couch,5,cdmrunv3,1531612336103.png,couch_sketch_age5_cdm_run_v31531612336103.png,1
couch,6,cdmrunv3,1528409084005.png,couch_sketch_age6_cdm_run_v31528409084005.png,1
couch,8,cdmrunv3,1529704867697.png,couch_sketch_age8_cdm_run_v31529704867697.png,1
couch,8,cdmrunv3,1530479451510.png,couch_sketch_age8_cdm_run_v31530479451510.png,1
couch,8,cdmrunv3,1530484377182.png,couch_sketch_age8_cdm_run_v31530484377182.png,1
couch,8,cdmrunv3,1530553622585.png,couch_sketch_age8_cdm_run_v31530553622585.png,1
couch,8,cdmrunv3,1530563421820.png,couch_sketch_age8_cdm_run_v31530563421820.png,1
couch,8,cdmrunv3,1531779637393.png,couch_sketch_age8_cdm_run_v31531779637393.png,1
couch,8,cdmrunv3,1531853118396.png,couch_sketch_age8_cdm_run_v31531853118396.png,1
couch,8,cdmrunv3,1532037422524.png,couch_sketch_age8_cdm_run_v31532037422524.png,1
couch,8,cdmrunv3,1532043793468.png,couch_sketch_age8_cdm_run_v31532043793468.png,1
couch,8,cdmrunv3,1532111494633.png,couch_sketch_age8_cdm_run_v31532111494633.png,1
couch,9,cdmrunv3,1528742999187.png,couch_sketch_age9_cdm_run_v31528742999187.png,1
couch,9,cdmrunv3,1529690399781.png,couch_sketch_age9_cdm_run_v31529690399781.png,1
cup,2,cdmrunv3,1534790649787.png,cup_sketch_age2_cdm_run_v31534790649787.png,1
cup,2,cdmrunv3,1534792889573.png,cup_sketch_age2_cdm_run_v31534792889573.png,1
cup,2,cdmrunv3,1534797060880.png,cup_sketch_age2_cdm_run_v31534797060880.png,1
cup,2,cdmrunv3,1535231019800.png,cup_sketch_age2_cdm_run_v31535231019800.png,1
cup,2,cdmrunv3,1535239000120.png,cup_sketch_age2_cdm_run_v31535239000120.png,1
cup,2,cdmrunv3,1535395221258.png,cup_sketch_age2_cdm_run_v31535395221258.png,1
cup,2,cdmrunv3,1535396263601.png,cup_sketch_age2_cdm_run_v31535396263601.png,1
cup,2,cdmrunv3,1535566747106.png,cup_sketch_age2_cdm_run_v31535566747106.png,1
cup,3,cdmrunv3,1532990938384.png,cup_sketch_age3_cdm_run_v31532990938384.png,1
cup,3,cdmrunv3,1532991619774.png,cup_sketch_age3_cdm_run_v31532991619774.png,1
cup,3,cdmrunv3,1532992651449.png,cup_sketch_age3_cdm_run_v31532992651449.png,1
cup,3,cdmrunv3,1533066786581.png,cup_sketch_age3_cdm_run_v31533066786581.png,1
cup,4,cdmrunv3,1525984464310.png,cup_sketch_age4_cdm_run_v31525984464310.png,1
cup,4,cdmrunv3,1533756481420.png,cup_sketch_age4_cdm_run_v31533756481420.png,1
cup,4,cdmrunv3,1533770368455.png,cup_sketch_age4_cdm_run_v31533770368455.png,1
cup,4,cdmrunv3,1533832381357.png,cup_sketch_age4_cdm_run_v31533832381357.png,1
cup,5,cdmrunv3,1534273406982.png,cup_sketch_age5_cdm_run_v31534273406982.png,1
cup,5,cdmrunv3,1534277725122.png,cup_sketch_age5_cdm_run_v31534277725122.png,1
cup,5,cdmrunv3,1534281027382.png,cup_sketch_age5_cdm_run_v31534281027382.png,1
cup,5,cdmrunv3,1534281535348.png,cup_sketch_age5_cdm_run_v31534281535348.png,1
cup,5,cdmrunv3,1534281810364.png,cup_sketch_age5_cdm_run_v31534281810364.png,1
cup,5,cdmrunv3,1534282792195.png,cup_sketch_age5_cdm_run_v31534282792195.png,1
cup,5,cdmrunv3,1534452769911.png,cup_sketch_age5_cdm_run_v31534452769911.png,1
cup,5,cdmrunv3,1534454579169.png,cup_sketch_age5_cdm_run_v31534454579169.png,1
cup,5,cdmrunv3,1534534946282.png,cup_sketch_age5_cdm_run_v31534534946282.png,1
cup,5,cdmrunv3,1534536260364.png,cup_sketch_age5_cdm_run_v31534536260364.png,1
cup,5,cdmrunv3,1534546115836.png,cup_sketch_age5_cdm_run_v31534546115836.png,1
cup,5,cdmrunv3,1534546605871.png,cup_sketch_age5_cdm_run_v31534546605871.png,1
cup,7,cdmrunv3,1532816089383.png,cup_sketch_age7_cdm_run_v31532816089383.png,1
cup,7,cdmrunv3,1532978289131.png,cup_sketch_age7_cdm_run_v31532978289131.png,1
cup,7,cdmrunv3,1533064718080.png,cup_sketch_age7_cdm_run_v31533064718080.png,1
cup,7,cdmrunv3,1533077875433.png,cup_sketch_age7_cdm_run_v31533077875433.png,1
cup,7,cdmrunv3,1533165861944.png,cup_sketch_age7_cdm_run_v31533165861944.png,1
cup,7,cdmrunv3,1533239668735.png,cup_sketch_age7_cdm_run_v31533239668735.png,1
cup,7,cdmrunv3,1533943402826.png,cup_sketch_age7_cdm_run_v31533943402826.png,1
cup,7,cdmrunv3,1534024394133.png,cup_sketch_age7_cdm_run_v31534024394133.png,1
cup,7,cdmrunv3,1534113078748.png,cup_sketch_age7_cdm_run_v31534113078748.png,1
cup,7,cdmrunv3,1534195654681.png,cup_sketch_age7_cdm_run_v31534195654681.png,1
cup,7,cdmrunv3,1534196024538.png,cup_sketch_age7_cdm_run_v31534196024538.png,1
dog,10,cdmrunv3,1526152332221.png,dog_sketch_age10_cdm_run_v31526152332221.png,1
dog,10,cdmrunv3,1526764663958.png,dog_sketch_age10_cdm_run_v31526764663958.png,1
dog,10,cdmrunv3,1532465108158.png,dog_sketch_age10_cdm_run_v31532465108158.png,1
dog,2,cdmrunv3,1526498176971.png,dog_sketch_age2_cdm_run_v31526498176971.png,1
dog,2,cdmrunv3,1526510518453.png,dog_sketch_age2_cdm_run_v31526510518453.png,1
dog,2,cdmrunv3,1526584027584.png,dog_sketch_age2_cdm_run_v31526584027584.png,1
dog,2,cdmrunv3,1526584514437.png,dog_sketch_age2_cdm_run_v31526584514437.png,1
dog,2,cdmrunv3,1526600614970.png,dog_sketch_age2_cdm_run_v31526600614970.png,1
dog,3,cdmrunv3,1532809052709.png,dog_sketch_age3_cdm_run_v31532809052709.png,1
dog,3,cdmrunv3,1532990388310.png,dog_sketch_age3_cdm_run_v31532990388310.png,1
dog,3,cdmrunv3,1532990938384.png,dog_sketch_age3_cdm_run_v31532990938384.png,1
dog,3,cdmrunv3,1534118396921.png,dog_sketch_age3_cdm_run_v31534118396921.png,1
dog,3,cdmrunv3,1534176000302.png,dog_sketch_age3_cdm_run_v31534176000302.png,1
dog,3,cdmrunv3,1534184431411.png,dog_sketch_age3_cdm_run_v31534184431411.png,1
dog,3,cdmrunv3,1534186031302.png,dog_sketch_age3_cdm_run_v31534186031302.png,1
dog,3,cdmrunv3,1534188043979.png,dog_sketch_age3_cdm_run_v31534188043979.png,1
dog,3,cdmrunv3,1534269015522.png,dog_sketch_age3_cdm_run_v31534269015522.png,1
dog,3,cdmrunv3,1534361407724.png,dog_sketch_age3_cdm_run_v31534361407724.png,1
dog,3,cdmrunv3,1534537214716.png,dog_sketch_age3_cdm_run_v31534537214716.png,1
dog,3,cdmrunv3,1534542265551.png,dog_sketch_age3_cdm_run_v31534542265551.png,1
dog,4,cdmrunv3,1535748230242.png,dog_sketch_age4_cdm_run_v31535748230242.png,1
dog,4,cdmrunv3,1535832962547.png,dog_sketch_age4_cdm_run_v31535832962547.png,1
dog,4,cdmrunv3,1535835633768.png,dog_sketch_age4_cdm_run_v31535835633768.png,1
dog,4,cdmrunv3,1535841492468.png,dog_sketch_age4_cdm_run_v31535841492468.png,1
dog,4,cdmrunv3,1535844966913.png,dog_sketch_age4_cdm_run_v31535844966913.png,1
dog,4,cdmrunv3,1535918800613.png,dog_sketch_age4_cdm_run_v31535918800613.png,1
dog,5,cdmrunv3,1526254866517.png,dog_sketch_age5_cdm_run_v31526254866517.png,1
dog,5,cdmrunv3,1526418564273.png,dog_sketch_age5_cdm_run_v31526418564273.png,1
dog,5,cdmrunv3,1526492191665.png,dog_sketch_age5_cdm_run_v31526492191665.png,1
dog,6,cdmrunv3,1532557871071.png,dog_sketch_age6_cdm_run_v31532557871071.png,1
dog,6,cdmrunv3,1532805314914.png,dog_sketch_age6_cdm_run_v31532805314914.png,1
dog,6,cdmrunv3,1533657599749.png,dog_sketch_age6_cdm_run_v31533657599749.png,1
dog,6,cdmrunv3,1533669370613.png,dog_sketch_age6_cdm_run_v31533669370613.png,1
dog,6,cdmrunv3,1533670742603.png,dog_sketch_age6_cdm_run_v31533670742603.png,1
dog,7,cdmrunv3,1527789844695.png,dog_sketch_age7_cdm_run_v31527789844695.png,1
dog,7,cdmrunv3,1527793036538.png,dog_sketch_age7_cdm_run_v31527793036538.png,1
dog,8,cdmrunv3,1533325007534.png,dog_sketch_age8_cdm_run_v31533325007534.png,1
dog,8,cdmrunv3,1534104042262.png,dog_sketch_age8_cdm_run_v31534104042262.png,1
dog,8,cdmrunv3,1534118008687.png,dog_sketch_age8_cdm_run_v31534118008687.png,1
dog,8,cdmrunv3,1534883750225.png,dog_sketch_age8_cdm_run_v31534883750225.png,1
dog,8,cdmrunv3,1535234078296.png,dog_sketch_age8_cdm_run_v31535234078296.png,1
dog,8,cdmrunv3,1535314151786.png,dog_sketch_age8_cdm_run_v31535314151786.png,1
dog,9,cdmrunv3,1535136801077.png,dog_sketch_age9_cdm_run_v31535136801077.png,1
dog,9,cdmrunv3,1535143897060.png,dog_sketch_age9_cdm_run_v31535143897060.png,1
dog,9,cdmrunv3,1535226616839.png,dog_sketch_age9_cdm_run_v31535226616839.png,1
fish,10,cdmrunv3,1534104287120.png,fish_sketch_age10_cdm_run_v31534104287120.png,1
fish,10,cdmrunv3,1534187337739.png,fish_sketch_age10_cdm_run_v31534187337739.png,1
fish,10,cdmrunv3,1534190928374.png,fish_sketch_age10_cdm_run_v31534190928374.png,1
fish,10,cdmrunv3,1534270688827.png,fish_sketch_age10_cdm_run_v31534270688827.png,1
fish,10,cdmrunv3,1534279988754.png,fish_sketch_age10_cdm_run_v31534279988754.png,1
fish,10,cdmrunv3,1534362695748.png,fish_sketch_age10_cdm_run_v31534362695748.png,1
fish,10,cdmrunv3,1534453922980.png,fish_sketch_age10_cdm_run_v31534453922980.png,1
fish,10,cdmrunv3,1534533494476.png,fish_sketch_age10_cdm_run_v31534533494476.png,1
fish,10,cdmrunv3,1534620591426.png,fish_sketch_age10_cdm_run_v31534620591426.png,1
fish,10,cdmrunv3,1534718738610.png,fish_sketch_age10_cdm_run_v31534718738610.png,1
fish,10,cdmrunv3,1534794447774.png,fish_sketch_age10_cdm_run_v31534794447774.png,1
fish,2,cdmrunv3,1534116919979.png,fish_sketch_age2_cdm_run_v31534116919979.png,1
fish,2,cdmrunv3,1534187634988.png,fish_sketch_age2_cdm_run_v31534187634988.png,1
fish,3,cdmrunv3,1526253202063.png,fish_sketch_age3_cdm_run_v31526253202063.png,1
fish,3,cdmrunv3,1526415298029.png,fish_sketch_age3_cdm_run_v31526415298029.png,1
fish,3,cdmrunv3,1526423557040.png,fish_sketch_age3_cdm_run_v31526423557040.png,1
fish,3,cdmrunv3,1526501614452.png,fish_sketch_age3_cdm_run_v31526501614452.png,1
fish,3,cdmrunv3,1526501890472.png,fish_sketch_age3_cdm_run_v31526501890472.png,1
fish,4,cdmrunv3,1532547735203.png,fish_sketch_age4_cdm_run_v31532547735203.png,1
fish,4,cdmrunv3,1532559711223.png,fish_sketch_age4_cdm_run_v31532559711223.png,1
fish,4,cdmrunv3,1532631816024.png,fish_sketch_age4_cdm_run_v31532631816024.png,1
fish,4,cdmrunv3,1533231737382.png,fish_sketch_age4_cdm_run_v31533231737382.png,1
fish,4,cdmrunv3,1533239085019.png,fish_sketch_age4_cdm_run_v31533239085019.png,1
fish,4,cdmrunv3,1533242019710.png,fish_sketch_age4_cdm_run_v31533242019710.png,1
fish,4,cdmrunv3,1533244161520.png,fish_sketch_age4_cdm_run_v31533244161520.png,1
fish,4,cdmrunv3,1533322361424.png,fish_sketch_age4_cdm_run_v31533322361424.png,1
fish,4,cdmrunv3,1533323667474.png,fish_sketch_age4_cdm_run_v31533323667474.png,1
fish,5,cdmrunv3,1534114853923.png,fish_sketch_age5_cdm_run_v31534114853923.png,1
fish,5,cdmrunv3,1534115055932.png,fish_sketch_age5_cdm_run_v31534115055932.png,1
fish,5,cdmrunv3,1534115334473.png,fish_sketch_age5_cdm_run_v31534115334473.png,1
fish,5,cdmrunv3,1534185251325.png,fish_sketch_age5_cdm_run_v31534185251325.png,1
fish,5,cdmrunv3,1534188430280.png,fish_sketch_age5_cdm_run_v31534188430280.png,1
fish,5,cdmrunv3,1534188734091.png,fish_sketch_age5_cdm_run_v31534188734091.png,1
fish,5,cdmrunv3,1534195785640.png,fish_sketch_age5_cdm_run_v31534195785640.png,1
fish,5,cdmrunv3,1534202459269.png,fish_sketch_age5_cdm_run_v31534202459269.png,1
fish,5,cdmrunv3,1534534946282.png,fish_sketch_age5_cdm_run_v31534534946282.png,1
fish,5,cdmrunv3,1535748540769.png,fish_sketch_age5_cdm_run_v31535748540769.png,1
fish,5,cdmrunv3,1535838096849.png,fish_sketch_age5_cdm_run_v31535838096849.png,1
fish,6,cdmrunv3,1526168752022.png,fish_sketch_age6_cdm_run_v31526168752022.png,1
fish,6,cdmrunv3,1535318693682.png,fish_sketch_age6_cdm_run_v31535318693682.png,1
fish,6,cdmrunv3,1535325173638.png,fish_sketch_age6_cdm_run_v31535325173638.png,1
fish,7,cdmrunv3,1526252692974.png,fish_sketch_age7_cdm_run_v31526252692974.png,1
fish,7,cdmrunv3,1532730363351.png,fish_sketch_age7_cdm_run_v31532730363351.png,1
fish,7,cdmrunv3,1532808536853.png,fish_sketch_age7_cdm_run_v31532808536853.png,1
frog,4,cdmrunv4,1539980270673.png,frog_sketch_age4_cdm_run_v41539980270673.png,1
frog,4,cdmrunv4,1539984683559.png,frog_sketch_age4_cdm_run_v41539984683559.png,1
frog,4,cdmrunv4,1539985570761.png,frog_sketch_age4_cdm_run_v41539985570761.png,1
frog,4,cdmrunv4,1540070369283.png,frog_sketch_age4_cdm_run_v41540070369283.png,1
frog,4,cdmrunv4,1540075430036.png,frog_sketch_age4_cdm_run_v41540075430036.png,1
frog,4,cdmrunv4,1540147652298.png,frog_sketch_age4_cdm_run_v41540147652298.png,1
frog,4,cdmrunv4,1541195291014.png,frog_sketch_age4_cdm_run_v41541195291014.png,1
frog,4,cdmrunv4,1541198186708.png,frog_sketch_age4_cdm_run_v41541198186708.png,1
frog,4,cdmrunv4,1541364480451.png,frog_sketch_age4_cdm_run_v41541364480451.png,1
frog,4,cdmrunv4,1541366640055.png,frog_sketch_age4_cdm_run_v41541366640055.png,1
frog,4,cdmrunv4,1541370157908.png,frog_sketch_age4_cdm_run_v41541370157908.png,1
frog,4,cdmrunv4,1541376096056.png,frog_sketch_age4_cdm_run_v41541376096056.png,1
frog,6,cdmrunv4,1542048599263.png,frog_sketch_age6_cdm_run_v41542048599263.png,1
frog,6,cdmrunv4,1542049235926.png,frog_sketch_age6_cdm_run_v41542049235926.png,1
frog,6,cdmrunv4,1542049900608.png,frog_sketch_age6_cdm_run_v41542049900608.png,1
frog,8,cdmrunv4,1540587543956.png,frog_sketch_age8_cdm_run_v41540587543956.png,1
house,10,cdmrunv3,1535325523602.png,house_sketch_age10_cdm_run_v31535325523602.png,1
house,10,cdmrunv3,1535924822223.png,house_sketch_age10_cdm_run_v31535924822223.png,1
house,10,cdmrunv3,1536011951265.png,house_sketch_age10_cdm_run_v31536011951265.png,1
house,2,cdmrunv3,1535133984389.png,house_sketch_age2_cdm_run_v31535133984389.png,1
house,2,cdmrunv3,1535139030439.png,house_sketch_age2_cdm_run_v31535139030439.png,1
house,2,cdmrunv3,1535139631967.png,house_sketch_age2_cdm_run_v31535139631967.png,1
house,3,cdmrunv3,1526677237307.png,house_sketch_age3_cdm_run_v31526677237307.png,1
house,3,cdmrunv3,1533233033137.png,house_sketch_age3_cdm_run_v31533233033137.png,1
house,3,cdmrunv3,1533234169662.png,house_sketch_age3_cdm_run_v31533234169662.png,1
house,3,cdmrunv3,1533842023569.png,house_sketch_age3_cdm_run_v31533842023569.png,1
house,3,cdmrunv3,1533850555503.png,house_sketch_age3_cdm_run_v31533850555503.png,1
house,3,cdmrunv3,1533932206069.png,house_sketch_age3_cdm_run_v31533932206069.png,1
house,3,cdmrunv3,1533940029619.png,house_sketch_age3_cdm_run_v31533940029619.png,1
house,3,cdmrunv3,1533945197774.png,house_sketch_age3_cdm_run_v31533945197774.png,1
house,3,cdmrunv3,1534016115094.png,house_sketch_age3_cdm_run_v31534016115094.png,1
house,4,cdmrunv3,1535741301734.png,house_sketch_age4_cdm_run_v31535741301734.png,1
house,4,cdmrunv3,1535742250490.png,house_sketch_age4_cdm_run_v31535742250490.png,1
house,4,cdmrunv3,1535748230242.png,house_sketch_age4_cdm_run_v31535748230242.png,1
house,4,cdmrunv3,1535832962547.png,house_sketch_age4_cdm_run_v31535832962547.png,1
house,4,cdmrunv3,1535835906170.png,house_sketch_age4_cdm_run_v31535835906170.png,1
house,4,cdmrunv3,1535841492468.png,house_sketch_age4_cdm_run_v31535841492468.png,1
house,4,cdmrunv3,1535918800613.png,house_sketch_age4_cdm_run_v31535918800613.png,1
house,4,cdmrunv3,1535921460102.png,house_sketch_age4_cdm_run_v31535921460102.png,1
house,4,cdmrunv3,1536005375097.png,house_sketch_age4_cdm_run_v31536005375097.png,1
house,4,cdmrunv3,1536013710996.png,house_sketch_age4_cdm_run_v31536013710996.png,1
house,5,cdmrunv3,1525893976840.png,house_sketch_age5_cdm_run_v31525893976840.png,1
house,5,cdmrunv3,1525976865876.png,house_sketch_age5_cdm_run_v31525976865876.png,1
house,5,cdmrunv3,1536015899873.png,house_sketch_age5_cdm_run_v31536015899873.png,1
house,6,cdmrunv3,1532469506975.png,house_sketch_age6_cdm_run_v31532469506975.png,1
house,6,cdmrunv3,1532546378789.png,house_sketch_age6_cdm_run_v31532546378789.png,1
house,6,cdmrunv3,1534365370913.png,house_sketch_age6_cdm_run_v31534365370913.png,1
house,8,cdmrunv3,1532631161644.png,house_sketch_age8_cdm_run_v31532631161644.png,1
house,8,cdmrunv3,1532641491167.png,house_sketch_age8_cdm_run_v31532641491167.png,1
house,8,cdmrunv3,1532644417379.png,house_sketch_age8_cdm_run_v31532644417379.png,1
house,8,cdmrunv3,1532720013771.png,house_sketch_age8_cdm_run_v31532720013771.png,1
house,8,cdmrunv3,1532811548992.png,house_sketch_age8_cdm_run_v31532811548992.png,1
house,8,cdmrunv3,1532821371094.png,house_sketch_age8_cdm_run_v31532821371094.png,1
house,8,cdmrunv3,1532980106776.png,house_sketch_age8_cdm_run_v31532980106776.png,1
house,8,cdmrunv3,1535830420056.png,house_sketch_age8_cdm_run_v31535830420056.png,1
house,8,cdmrunv3,1535838516023.png,house_sketch_age8_cdm_run_v31535838516023.png,1
house,8,cdmrunv3,1535998725313.png,house_sketch_age8_cdm_run_v31535998725313.png,1
house,8,cdmrunv3,1536016242162.png,house_sketch_age8_cdm_run_v31536016242162.png,1
house,9,cdmrunv3,1526155956525.png,house_sketch_age9_cdm_run_v31526155956525.png,1
key,2,cdmrunv4,1542061177460.png,key_sketch_age2_cdm_run_v41542061177460.png,1
key,3,cdmrunv4,1536255458365.png,key_sketch_age3_cdm_run_v41536255458365.png,1
key,3,cdmrunv4,1536526059073.png,key_sketch_age3_cdm_run_v41536526059073.png,1
key,3,cdmrunv4,1536529414716.png,key_sketch_age3_cdm_run_v41536529414716.png,1
key,3,cdmrunv4,1539458140524.png,key_sketch_age3_cdm_run_v41539458140524.png,1
key,3,cdmrunv4,1539466782907.png,key_sketch_age3_cdm_run_v41539466782907.png,1
key,3,cdmrunv4,1539802976560.png,key_sketch_age3_cdm_run_v41539802976560.png,1
key,3,cdmrunv4,1539979793167.png,key_sketch_age3_cdm_run_v41539979793167.png,1
key,5,cdmrunv4,1540491126434.png,key_sketch_age5_cdm_run_v41540491126434.png,1
key,5,cdmrunv4,1541180944712.png,key_sketch_age5_cdm_run_v41541180944712.png,1
key,5,cdmrunv4,1541181301543.png,key_sketch_age5_cdm_run_v41541181301543.png,1
key,5,cdmrunv4,1541182317324.png,key_sketch_age5_cdm_run_v41541182317324.png,1
key,5,cdmrunv4,1541188763962.png,key_sketch_age5_cdm_run_v41541188763962.png,1
key,8,cdmrunv4,1537733461054.png,key_sketch_age8_cdm_run_v41537733461054.png,1
key,8,cdmrunv4,1538867264244.png,key_sketch_age8_cdm_run_v41538867264244.png,1
key,8,cdmrunv4,1539810430132.png,key_sketch_age8_cdm_run_v41539810430132.png,1
key,8,cdmrunv4,1540077082262.png,key_sketch_age8_cdm_run_v41540077082262.png,1
key,8,cdmrunv4,1540166119473.png,key_sketch_age8_cdm_run_v41540166119473.png,1
key,8,cdmrunv4,1540587543956.png,key_sketch_age8_cdm_run_v41540587543956.png,1
key,8,cdmrunv4,1541892835344.png,key_sketch_age8_cdm_run_v41541892835344.png,1
key,8,cdmrunv4,1541893947190.png,key_sketch_age8_cdm_run_v41541893947190.png,1
key,8,cdmrunv4,1541970057187.png,key_sketch_age8_cdm_run_v41541970057187.png,1
key,8,cdmrunv4,1541973838793.png,key_sketch_age8_cdm_run_v41541973838793.png,1
person,10,cdmrunv3,1533841154231.png,person_sketch_age10_cdm_run_v31533841154231.png,1
person,10,cdmrunv3,1533845979344.png,person_sketch_age10_cdm_run_v31533845979344.png,1
person,2,cdmrunv3,1526160539320.png,person_sketch_age2_cdm_run_v31526160539320.png,1
person,2,cdmrunv3,1526162477315.png,person_sketch_age2_cdm_run_v31526162477315.png,1
person,3,cdmrunv3,1526502079646.png,person_sketch_age3_cdm_run_v31526502079646.png,1
person,3,cdmrunv3,1526502817047.png,person_sketch_age3_cdm_run_v31526502817047.png,1
person,3,cdmrunv3,1526583537981.png,person_sketch_age3_cdm_run_v31526583537981.png,1
person,3,cdmrunv3,1526588694293.png,person_sketch_age3_cdm_run_v31526588694293.png,1
person,3,cdmrunv3,1526589361603.png,person_sketch_age3_cdm_run_v31526589361603.png,1
person,3,cdmrunv3,1526599186312.png,person_sketch_age3_cdm_run_v31526599186312.png,1
person,3,cdmrunv3,1533244950737.png,person_sketch_age3_cdm_run_v31533244950737.png,1
person,3,cdmrunv3,1533246512058.png,person_sketch_age3_cdm_run_v31533246512058.png,1
person,3,cdmrunv3,1533326671802.png,person_sketch_age3_cdm_run_v31533326671802.png,1
person,4,cdmrunv3,1534198612126.png,person_sketch_age4_cdm_run_v31534198612126.png,1
person,4,cdmrunv3,1534279499637.png,person_sketch_age4_cdm_run_v31534279499637.png,1
person,4,cdmrunv3,1534285900036.png,person_sketch_age4_cdm_run_v31534285900036.png,1
person,4,cdmrunv3,1535232802285.png,person_sketch_age4_cdm_run_v31535232802285.png,1
person,4,cdmrunv3,1535234458757.png,person_sketch_age4_cdm_run_v31535234458757.png,1
person,4,cdmrunv3,1535393785775.png,person_sketch_age4_cdm_run_v31535393785775.png,1
person,4,cdmrunv3,1535480202543.png,person_sketch_age4_cdm_run_v31535480202543.png,1
person,5,cdmrunv3,1534534946282.png,person_sketch_age5_cdm_run_v31534534946282.png,1
person,5,cdmrunv3,1534709581729.png,person_sketch_age5_cdm_run_v31534709581729.png,1
person,5,cdmrunv3,1535479261408.png,person_sketch_age5_cdm_run_v31535479261408.png,1
person,5,cdmrunv3,1535744931551.png,person_sketch_age5_cdm_run_v31535744931551.png,1
person,5,cdmrunv3,1535748540769.png,person_sketch_age5_cdm_run_v31535748540769.png,1
person,5,cdmrunv3,1535831844077.png,person_sketch_age5_cdm_run_v31535831844077.png,1
person,5,cdmrunv3,1535838096849.png,person_sketch_age5_cdm_run_v31535838096849.png,1
person,5,cdmrunv3,1535915417713.png,person_sketch_age5_cdm_run_v31535915417713.png,1
person,5,cdmrunv3,1535916465730.png,person_sketch_age5_cdm_run_v31535916465730.png,1
person,5,cdmrunv3,1535917520092.png,person_sketch_age5_cdm_run_v31535917520092.png,1
person,5,cdmrunv3,1535923704206.png,person_sketch_age5_cdm_run_v31535923704206.png,1
person,5,cdmrunv3,1535925592252.png,person_sketch_age5_cdm_run_v31535925592252.png,1
person,7,cdmrunv3,1534966969603.png,person_sketch_age7_cdm_run_v31534966969603.png,1
person,7,cdmrunv3,1535144819845.png,person_sketch_age7_cdm_run_v31535144819845.png,1
person,7,cdmrunv3,1535146271976.png,person_sketch_age7_cdm_run_v31535146271976.png,1
person,7,cdmrunv3,1535229309764.png,person_sketch_age7_cdm_run_v31535229309764.png,1
person,7,cdmrunv3,1535231468323.png,person_sketch_age7_cdm_run_v31535231468323.png,1
person,7,cdmrunv3,1535233720666.png,person_sketch_age7_cdm_run_v31535233720666.png,1
person,8,cdmrunv3,1526164238357.png,person_sketch_age8_cdm_run_v31526164238357.png,1
phone,2,cdmrunv3,1531427044452.png,phone_sketch_age2_cdm_run_v31531427044452.png,1
phone,2,cdmrunv3,1531428472392.png,phone_sketch_age2_cdm_run_v31531428472392.png,1
phone,2,cdmrunv3,1531509796375.png,phone_sketch_age2_cdm_run_v31531509796375.png,1
phone,2,cdmrunv3,1531598283011.png,phone_sketch_age2_cdm_run_v31531598283011.png,1
phone,2,cdmrunv3,1531604038450.png,phone_sketch_age2_cdm_run_v31531604038450.png,1
phone,2,cdmrunv3,1531611461307.png,phone_sketch_age2_cdm_run_v31531611461307.png,1
phone,2,cdmrunv3,1531777386499.png,phone_sketch_age2_cdm_run_v31531777386499.png,1
phone,3,cdmrunv3,1528585428346.png,phone_sketch_age3_cdm_run_v31528585428346.png,1
phone,3,cdmrunv3,1531600648143.png,phone_sketch_age3_cdm_run_v31531600648143.png,1
phone,3,cdmrunv3,1531603065127.png,phone_sketch_age3_cdm_run_v31531603065127.png,1
phone,3,cdmrunv3,1531608035207.png,phone_sketch_age3_cdm_run_v31531608035207.png,1
phone,3,cdmrunv3,1531610713448.png,phone_sketch_age3_cdm_run_v31531610713448.png,1
phone,3,cdmrunv3,1531670399646.png,phone_sketch_age3_cdm_run_v31531670399646.png,1
phone,3,cdmrunv3,1531694836156.png,phone_sketch_age3_cdm_run_v31531694836156.png,1
phone,3,cdmrunv3,1531697287356.png,phone_sketch_age3_cdm_run_v31531697287356.png,1
phone,3,cdmrunv3,1531774926854.png,phone_sketch_age3_cdm_run_v31531774926854.png,1
phone,3,cdmrunv4,1537388576931.png,phone_sketch_age3_cdm_run_v41537388576931.png,1
phone,3,cdmrunv4,1537465816172.png,phone_sketch_age3_cdm_run_v41537465816172.png,1
phone,3,cdmrunv4,1537641336880.png,phone_sketch_age3_cdm_run_v41537641336880.png,1
phone,4,cdmrunv3,1530481705566.png,phone_sketch_age4_cdm_run_v31530481705566.png,1
phone,4,cdmrunv3,1531340810170.png,phone_sketch_age4_cdm_run_v31531340810170.png,1
phone,4,cdmrunv3,1531505500838.png,phone_sketch_age4_cdm_run_v31531505500838.png,1
phone,4,cdmrunv3,1532119480468.png,phone_sketch_age4_cdm_run_v31532119480468.png,1
phone,4,cdmrunv3,1532122506084.png,phone_sketch_age4_cdm_run_v31532122506084.png,1
phone,5,cdmrunv3,1531953239905.png,phone_sketch_age5_cdm_run_v31531953239905.png,1
phone,5,cdmrunv3,1532030055524.png,phone_sketch_age5_cdm_run_v31532030055524.png,1
phone,5,cdmrunv3,1532034461707.png,phone_sketch_age5_cdm_run_v31532034461707.png,1
phone,5,cdmrunv3,1532126921035.png,phone_sketch_age5_cdm_run_v31532126921035.png,1
phone,5,cdmrunv3,1532128649317.png,phone_sketch_age5_cdm_run_v31532128649317.png,1
phone,5,cdmrunv4,1537650464349.png,phone_sketch_age5_cdm_run_v41537650464349.png,1
phone,5,cdmrunv4,1537731511716.png,phone_sketch_age5_cdm_run_v41537731511716.png,1
phone,5,cdmrunv4,1541970856667.png,phone_sketch_age5_cdm_run_v41541970856667.png,1
phone,5,cdmrunv4,1541976072035.png,phone_sketch_age5_cdm_run_v41541976072035.png,1
phone,5,cdmrunv4,1541977671135.png,phone_sketch_age5_cdm_run_v41541977671135.png,1
phone,5,cdmrunv4,1541979890077.png,phone_sketch_age5_cdm_run_v41541979890077.png,1
phone,6,cdmrunv4,1538854044619.png,phone_sketch_age6_cdm_run_v41538854044619.png,1
phone,6,cdmrunv4,1538949600256.png,phone_sketch_age6_cdm_run_v41538949600256.png,1
phone,6,cdmrunv4,1538950609430.png,phone_sketch_age6_cdm_run_v41538950609430.png,1
phone,6,cdmrunv4,1539378843891.png,phone_sketch_age6_cdm_run_v41539378843891.png,1
phone,6,cdmrunv4,1541969255482.png,phone_sketch_age6_cdm_run_v41541969255482.png,1
phone,6,cdmrunv4,1541970551892.png,phone_sketch_age6_cdm_run_v41541970551892.png,1
phone,6,cdmrunv4,1541980316905.png,phone_sketch_age6_cdm_run_v41541980316905.png,1
phone,6,cdmrunv4,1542047680834.png,phone_sketch_age6_cdm_run_v41542047680834.png,1
phone,6,cdmrunv4,1542048599263.png,phone_sketch_age6_cdm_run_v41542048599263.png,1
phone,6,cdmrunv4,1542049235926.png,phone_sketch_age6_cdm_run_v41542049235926.png,1
phone,6,cdmrunv4,1542049900608.png,phone_sketch_age6_cdm_run_v41542049900608.png,1
phone,6,cdmrunv4,1542053180845.png,phone_sketch_age6_cdm_run_v41542053180845.png,1
phone,8,cdmrunv4,1541283384573.png,phone_sketch_age8_cdm_run_v41541283384573.png,1
phone,8,cdmrunv4,1541367019106.png,phone_sketch_age8_cdm_run_v41541367019106.png,1
phone,8,cdmrunv4,1541370666218.png,phone_sketch_age8_cdm_run_v41541370666218.png,1
phone,9,cdmrunv3,1530657125513.png,phone_sketch_age9_cdm_run_v31530657125513.png,1
rabbit,2,cdmrunv3,1531428472392.png,rabbit_sketch_age2_cdm_run_v31531428472392.png,1
rabbit,2,cdmrunv3,1532130735177.png,rabbit_sketch_age2_cdm_run_v31532130735177.png,1
rabbit,3,cdmrunv3,1527963107380.png,rabbit_sketch_age3_cdm_run_v31527963107380.png,1
rabbit,3,cdmrunv3,1527967199255.png,rabbit_sketch_age3_cdm_run_v31527967199255.png,1
rabbit,3,cdmrunv3,1528579199179.png,rabbit_sketch_age3_cdm_run_v31528579199179.png,1
rabbit,3,cdmrunv3,1528916399303.png,rabbit_sketch_age3_cdm_run_v31528916399303.png,1
rabbit,3,cdmrunv3,1528917240117.png,rabbit_sketch_age3_cdm_run_v31528917240117.png,1
rabbit,3,cdmrunv3,1529178852031.png,rabbit_sketch_age3_cdm_run_v31529178852031.png,1
rabbit,3,cdmrunv3,1529184066015.png,rabbit_sketch_age3_cdm_run_v31529184066015.png,1
rabbit,3,cdmrunv3,1529188199108.png,rabbit_sketch_age3_cdm_run_v31529188199108.png,1
rabbit,3,cdmrunv3,1529188417535.png,rabbit_sketch_age3_cdm_run_v31529188417535.png,1
rabbit,3,cdmrunv3,1532030296293.png,rabbit_sketch_age3_cdm_run_v31532030296293.png,1
rabbit,5,cdmrunv3,1528224184593.png,rabbit_sketch_age5_cdm_run_v31528224184593.png,1
rabbit,5,cdmrunv3,1528224599151.png,rabbit_sketch_age5_cdm_run_v31528224599151.png,1
rabbit,5,cdmrunv3,1528232999187.png,rabbit_sketch_age5_cdm_run_v31528232999187.png,1
rabbit,5,cdmrunv3,1528233345287.png,rabbit_sketch_age5_cdm_run_v31528233345287.png,1
rabbit,5,cdmrunv3,1528481399327.png,rabbit_sketch_age5_cdm_run_v31528481399327.png,1
rabbit,5,cdmrunv3,1528487999206.png,rabbit_sketch_age5_cdm_run_v31528487999206.png,1
rabbit,5,cdmrunv3,1528926779657.png,rabbit_sketch_age5_cdm_run_v31528926779657.png,1
rabbit,5,cdmrunv3,1531953239905.png,rabbit_sketch_age5_cdm_run_v31531953239905.png,1
rabbit,5,cdmrunv3,1532030055524.png,rabbit_sketch_age5_cdm_run_v31532030055524.png,1
rabbit,5,cdmrunv3,1532034461707.png,rabbit_sketch_age5_cdm_run_v31532034461707.png,1
rabbit,5,cdmrunv3,1532110370251.png,rabbit_sketch_age5_cdm_run_v31532110370251.png,1
rabbit,5,cdmrunv3,1532125606511.png,rabbit_sketch_age5_cdm_run_v31532125606511.png,1
rabbit,7,cdmrunv3,1530655295892.png,rabbit_sketch_age7_cdm_run_v31530655295892.png,1
rabbit,8,cdmrunv3,1531684414594.png,rabbit_sketch_age8_cdm_run_v31531684414594.png,1
rabbit,8,cdmrunv3,1531686508439.png,rabbit_sketch_age8_cdm_run_v31531686508439.png,1
rabbit,8,cdmrunv3,1531693363638.png,rabbit_sketch_age8_cdm_run_v31531693363638.png,1
scissors,2,cdmrunv4,1541709421834.png,scissors_sketch_age2_cdm_run_v41541709421834.png,1
scissors,2,cdmrunv4,1541875677193.png,scissors_sketch_age2_cdm_run_v41541875677193.png,1
scissors,2,cdmrunv4,1541876127391.png,scissors_sketch_age2_cdm_run_v41541876127391.png,1
scissors,2,cdmrunv4,1541877298788.png,scissors_sketch_age2_cdm_run_v41541877298788.png,1
scissors,2,cdmrunv4,1541878510984.png,scissors_sketch_age2_cdm_run_v41541878510984.png,1
scissors,2,cdmrunv4,1541885836725.png,scissors_sketch_age2_cdm_run_v41541885836725.png,1
scissors,2,cdmrunv4,1541888151445.png,scissors_sketch_age2_cdm_run_v41541888151445.png,1
scissors,2,cdmrunv4,1541889498506.png,scissors_sketch_age2_cdm_run_v41541889498506.png,1
scissors,2,cdmrunv4,1541896384786.png,scissors_sketch_age2_cdm_run_v41541896384786.png,1
scissors,3,cdmrunv4,1536958856674.png,scissors_sketch_age3_cdm_run_v41536958856674.png,1
scissors,3,cdmrunv4,1537041776487.png,scissors_sketch_age3_cdm_run_v41537041776487.png,1
scissors,3,cdmrunv4,1538858546240.png,scissors_sketch_age3_cdm_run_v41538858546240.png,1
scissors,4,cdmrunv4,1541013771980.png,scissors_sketch_age4_cdm_run_v41541013771980.png,1
scissors,4,cdmrunv4,1541377708430.png,scissors_sketch_age4_cdm_run_v41541377708430.png,1
scissors,4,cdmrunv4,1541546340532.png,scissors_sketch_age4_cdm_run_v41541546340532.png,1
scissors,4,cdmrunv4,1541626662006.png,scissors_sketch_age4_cdm_run_v41541626662006.png,1
scissors,4,cdmrunv4,1541634159759.png,scissors_sketch_age4_cdm_run_v41541634159759.png,1
scissors,4,cdmrunv4,1542047958148.png,scissors_sketch_age4_cdm_run_v41542047958148.png,1
scissors,4,cdmrunv4,1542051051527.png,scissors_sketch_age4_cdm_run_v41542051051527.png,1
scissors,4,cdmrunv4,1542062654769.png,scissors_sketch_age4_cdm_run_v41542062654769.png,1
scissors,4,cdmrunv4,1542064959811.png,scissors_sketch_age4_cdm_run_v41542064959811.png,1
scissors,4,cdmrunv4,1542065916564.png,scissors_sketch_age4_cdm_run_v41542065916564.png,1
scissors,5,cdmrunv4,1541963880519.png,scissors_sketch_age5_cdm_run_v41541963880519.png,1
scissors,8,cdmrunv4,1541970057187.png,scissors_sketch_age8_cdm_run_v41541970057187.png,1
scissors,8,cdmrunv4,1541973838793.png,scissors_sketch_age8_cdm_run_v41541973838793.png,1
scissors,8,cdmrunv4,1542052947314.png,scissors_sketch_age8_cdm_run_v41542052947314.png,1
scissors,8,cdmrunv4,1542057738079.png,scissors_sketch_age8_cdm_run_v41542057738079.png,1
scissors,8,cdmrunv4,1542061290742.png,scissors_sketch_age8_cdm_run_v41542061290742.png,1
sheep,2,cdmrunv4,1541623145519.png,sheep_sketch_age2_cdm_run_v41541623145519.png,1
sheep,2,cdmrunv4,1541631824541.png,sheep_sketch_age2_cdm_run_v41541631824541.png,1
sheep,3,cdmrunv4,1539455581350.png,sheep_sketch_age3_cdm_run_v41539455581350.png,1
sheep,3,cdmrunv4,1539458140524.png,sheep_sketch_age3_cdm_run_v41539458140524.png,1
sheep,3,cdmrunv4,1539458708022.png,sheep_sketch_age3_cdm_run_v41539458708022.png,1
sheep,3,cdmrunv4,1539464156545.png,sheep_sketch_age3_cdm_run_v41539464156545.png,1
sheep,3,cdmrunv4,1539466782907.png,sheep_sketch_age3_cdm_run_v41539466782907.png,1
sheep,3,cdmrunv4,1539802976560.png,sheep_sketch_age3_cdm_run_v41539802976560.png,1
sheep,3,cdmrunv4,1539979793167.png,sheep_sketch_age3_cdm_run_v41539979793167.png,1
sheep,3,cdmrunv4,1540063191685.png,sheep_sketch_age3_cdm_run_v41540063191685.png,1
sheep,3,cdmrunv4,1540071609252.png,sheep_sketch_age3_cdm_run_v41540071609252.png,1
sheep,3,cdmrunv4,1540071870507.png,sheep_sketch_age3_cdm_run_v41540071870507.png,1
sheep,5,cdmrunv4,1538939679021.png,sheep_sketch_age5_cdm_run_v41538939679021.png,1
sheep,5,cdmrunv4,1539109833392.png,sheep_sketch_age5_cdm_run_v41539109833392.png,1
sheep,5,cdmrunv4,1539114877832.png,sheep_sketch_age5_cdm_run_v41539114877832.png,1
sheep,5,cdmrunv4,1539377501561.png,sheep_sketch_age5_cdm_run_v41539377501561.png,1
sheep,5,cdmrunv4,1539811508115.png,sheep_sketch_age5_cdm_run_v41539811508115.png,1
sheep,5,cdmrunv4,1539973702628.png,sheep_sketch_age5_cdm_run_v41539973702628.png,1
sheep,5,cdmrunv4,1539974003261.png,sheep_sketch_age5_cdm_run_v41539974003261.png,1
sheep,5,cdmrunv4,1540062288602.png,sheep_sketch_age5_cdm_run_v41540062288602.png,1
sheep,5,cdmrunv4,1540064328979.png,sheep_sketch_age5_cdm_run_v41540064328979.png,1
sheep,8,cdmrunv4,1541189202663.png,sheep_sketch_age8_cdm_run_v41541189202663.png,1
sheep,8,cdmrunv4,1541886932512.png,sheep_sketch_age8_cdm_run_v41541886932512.png,1
sheep,8,cdmrunv4,1541892835344.png,sheep_sketch_age8_cdm_run_v41541892835344.png,1
sheep,8,cdmrunv4,1541893947190.png,sheep_sketch_age8_cdm_run_v41541893947190.png,1
train,2,cdmrunv4,1536946922724.png,train_sketch_age2_cdm_run_v41536946922724.png,1
train,2,cdmrunv4,1536948042010.png,train_sketch_age2_cdm_run_v41536948042010.png,1
train,2,cdmrunv4,1536948320502.png,train_sketch_age2_cdm_run_v41536948320502.png,1
train,3,cdmrunv4,1536698494162.png,train_sketch_age3_cdm_run_v41536698494162.png,1
train,3,cdmrunv4,1536699316002.png,train_sketch_age3_cdm_run_v41536699316002.png,1
train,3,cdmrunv4,1536779132199.png,train_sketch_age3_cdm_run_v41536779132199.png,1
train,3,cdmrunv4,1536864394840.png,train_sketch_age3_cdm_run_v41536864394840.png,1
train,3,cdmrunv4,1537048311775.png,train_sketch_age3_cdm_run_v41537048311775.png,1
train,3,cdmrunv4,1541271796834.png,train_sketch_age3_cdm_run_v41541271796834.png,1
train,3,cdmrunv4,1541276357293.png,train_sketch_age3_cdm_run_v41541276357293.png,1
train,3,cdmrunv4,1541285617885.png,train_sketch_age3_cdm_run_v41541285617885.png,1
train,3,cdmrunv4,1541286485075.png,train_sketch_age3_cdm_run_v41541286485075.png,1
train,3,cdmrunv4,1541288589117.png,train_sketch_age3_cdm_run_v41541288589117.png,1
train,3,cdmrunv4,1541367861088.png,train_sketch_age3_cdm_run_v41541367861088.png,1
train,3,cdmrunv4,1541378260095.png,train_sketch_age3_cdm_run_v41541378260095.png,1
train,4,cdmrunv4,1542052380290.png,train_sketch_age4_cdm_run_v41542052380290.png,1
train,5,cdmrunv4,1541371003607.png,train_sketch_age5_cdm_run_v41541371003607.png,1
train,5,cdmrunv4,1541373348621.png,train_sketch_age5_cdm_run_v41541373348621.png,1
train,5,cdmrunv4,1541373678008.png,train_sketch_age5_cdm_run_v41541373678008.png,1
train,5,cdmrunv4,1541616048489.png,train_sketch_age5_cdm_run_v41541616048489.png,1
train,5,cdmrunv4,1541806890157.png,train_sketch_age5_cdm_run_v41541806890157.png,1
train,5,cdmrunv4,1541878210540.png,train_sketch_age5_cdm_run_v41541878210540.png,1
train,8,cdmrunv4,1541880421004.png,train_sketch_age8_cdm_run_v41541880421004.png,1
train,8,cdmrunv4,1541880762793.png,train_sketch_age8_cdm_run_v41541880762793.png,1
train,8,cdmrunv4,1541886932512.png,train_sketch_age8_cdm_run_v41541886932512.png,1
train,8,cdmrunv4,1541887751107.png,train_sketch_age8_cdm_run_v41541887751107.png,1
train,8,cdmrunv4,1541892835344.png,train_sketch_age8_cdm_run_v41541892835344.png,1
train,8,cdmrunv4,1541893947190.png,train_sketch_age8_cdm_run_v41541893947190.png,1
train,9,cdmrunv4,1537735414401.png,train_sketch_age9_cdm_run_v41537735414401.png,1
train,9,cdmrunv4,1539116451668.png,train_sketch_age9_cdm_run_v41539116451668.png,1
train,9,cdmrunv4,1539554299326.png,train_sketch_age9_cdm_run_v41539554299326.png,1
tree,10,cdmrunv3,1533319405704.png,tree_sketch_age10_cdm_run_v31533319405704.png,1
tree,10,cdmrunv3,1533764545218.png,tree_sketch_age10_cdm_run_v31533764545218.png,1
tree,10,cdmrunv3,1533840328937.png,tree_sketch_age10_cdm_run_v31533840328937.png,1
tree,3,cdmrunv3,1525904067360.png,tree_sketch_age3_cdm_run_v31525904067360.png,1
tree,3,cdmrunv3,1526757398790.png,tree_sketch_age3_cdm_run_v31526757398790.png,1
tree,3,cdmrunv3,1526758896291.png,tree_sketch_age3_cdm_run_v31526758896291.png,1
tree,3,cdmrunv3,1526763016973.png,tree_sketch_age3_cdm_run_v31526763016973.png,1
tree,3,cdmrunv3,1526765931739.png,tree_sketch_age3_cdm_run_v31526765931739.png,1
tree,3,cdmrunv3,1527801844607.png,tree_sketch_age3_cdm_run_v31527801844607.png,1
tree,3,cdmrunv3,1527879780715.png,tree_sketch_age3_cdm_run_v31527879780715.png,1
tree,3,cdmrunv3,1532991619774.png,tree_sketch_age3_cdm_run_v31532991619774.png,1
tree,3,cdmrunv3,1533940029619.png,tree_sketch_age3_cdm_run_v31533940029619.png,1
tree,3,cdmrunv3,1533940341551.png,tree_sketch_age3_cdm_run_v31533940341551.png,1
tree,3,cdmrunv3,1534624900915.png,tree_sketch_age3_cdm_run_v31534624900915.png,1
tree,3,cdmrunv3,1534629175792.png,tree_sketch_age3_cdm_run_v31534629175792.png,1
tree,4,cdmrunv3,1533323370032.png,tree_sketch_age4_cdm_run_v31533323370032.png,1
tree,4,cdmrunv3,1533581724973.png,tree_sketch_age4_cdm_run_v31533581724973.png,1
tree,4,cdmrunv3,1533589389429.png,tree_sketch_age4_cdm_run_v31533589389429.png,1
tree,4,cdmrunv3,1533676898644.png,tree_sketch_age4_cdm_run_v31533676898644.png,1
tree,4,cdmrunv3,1535480202543.png,tree_sketch_age4_cdm_run_v31535480202543.png,1
tree,5,cdmrunv3,1535925592252.png,tree_sketch_age5_cdm_run_v31535925592252.png,1
tree,5,cdmrunv3,1535927005519.png,tree_sketch_age5_cdm_run_v31535927005519.png,1
tree,5,cdmrunv3,1535927234711.png,tree_sketch_age5_cdm_run_v31535927234711.png,1
tree,5,cdmrunv3,1535927928423.png,tree_sketch_age5_cdm_run_v31535927928423.png,1
tree,5,cdmrunv3,1536002482738.png,tree_sketch_age5_cdm_run_v31536002482738.png,1
tree,5,cdmrunv3,1536008079993.png,tree_sketch_age5_cdm_run_v31536008079993.png,1
tree,5,cdmrunv3,1536015899873.png,tree_sketch_age5_cdm_run_v31536015899873.png,1
tree,6,cdmrunv3,1525887854758.png,tree_sketch_age6_cdm_run_v31525887854758.png,1
tree,6,cdmrunv3,1525891444648.png,tree_sketch_age6_cdm_run_v31525891444648.png,1
tree,6,cdmrunv3,1525891955621.png,tree_sketch_age6_cdm_run_v31525891955621.png,1
tree,6,cdmrunv3,1525893423612.png,tree_sketch_age6_cdm_run_v31525893423612.png,1
tree,7,cdmrunv3,1535826295814.png,tree_sketch_age7_cdm_run_v31535826295814.png,1
tree,7,cdmrunv3,1535919450357.png,tree_sketch_age7_cdm_run_v31535919450357.png,1
tree,7,cdmrunv3,1535920421756.png,tree_sketch_age7_cdm_run_v31535920421756.png,1
tree,7,cdmrunv3,1535920734002.png,tree_sketch_age7_cdm_run_v31535920734002.png,1
tree,7,cdmrunv3,1535929178925.png,tree_sketch_age7_cdm_run_v31535929178925.png,1
tree,7,cdmrunv3,1535999911891.png,tree_sketch_age7_cdm_run_v31535999911891.png,1
tree,7,cdmrunv3,1536076800189.png,tree_sketch_age7_cdm_run_v31536076800189.png,1
tree,8,cdmrunv3,1525908911986.png,tree_sketch_age8_cdm_run_v31525908911986.png,1
tree,8,cdmrunv3,1526074471797.png,tree_sketch_age8_cdm_run_v31526074471797.png,1
tree,8,cdmrunv3,1532545415363.png,tree_sketch_age8_cdm_run_v31532545415363.png,1
tree,8,cdmrunv3,1532555117955.png,tree_sketch_age8_cdm_run_v31532555117955.png,1
tree,8,cdmrunv3,1534717934779.png,tree_sketch_age8_cdm_run_v31534717934779.png,1
